"TailNum","totalDistance"
"N543UA","7675"
"N12238","6829"
"N580JB","6277"
"N5DCAA","5300"
"N637DL","5223"
"N5DJAA","5046"
"N653UA","5005"
"N614UA","4950"
"N615DL","4948"
"N128DL","4584"
"N648AW","4435"
"N601DL","4307"
"N669AW","4299"
"N559UA","4235"
"N555UA","4214"
"N438UA","4144"
"N552AA","4079"
"N76073","3904"
"N78060","3904"
"N423AA","3847"
"N364A1","3784"
"N143AA","3784"
"N902AW","3744"
"N312AA","3710"
"N743","3709"
"N534US","3615"
"N783AS","3577"
"N201AA","3574"
"N339NW","3511"
"N350","3478"
"N607UA","3340"
"N353UA","3328"
"N234AA","3307"
"N587UA","3300"
"N677DL","3296"
"N625DL","3276"
"N555TZ","3226"
"N73275","3204"
"N14341","3202"
"N4YPAA","3185"
"N903AW","3168"
"N810AW","3162"
"N334NB","3141"
"N619AW","3102"
"N848UA","3080"
"N903DA","3079"
"N338UA","3060"
"N560AA","3040"
"N380DA","3012"
"N575UA","3007"
"N764DA","3004"
"N802UA","2968"
"N935UA","2952"
"N6701","2869"
"N3757D","2824"
"N559AA","2820"
"N113UW","2801"
"N17663","2780"
"N221AA","2727"
"N391AA","2724"
"N474AA","2707"
"N536UA","2704"
"N544UA","2704"
"N613AA","2704"
"N567UA","2704"
"N572UA","2704"
"N545UA","2704"
"N584AS","2701"
"N16893","2696"
"N630AA","2689"
"N587NW","2688"
"N965AS","2685"
"N4WPAA","2678"
"N596HA","2677"
"N547AA","2674"
"N453AA","2673"
"N584AA","2644"
"N438AA","2638"
"N14334","2633"
"N301DL","2611"
"N631AA","2594"
"N3ANAA","2588"
"N631DL","2587"
"N354AA","2586"
"N618UA","2586"
"N663DN","2586"
"N650TW","2586"
"N198DN","2586"
"N363AA","2585"
"N14605","2580"
"N421AA","2580"
"N620AW","2574"
"N561JB","2569"
"N622AU","2566"
"N33266","2565"
"N549UA","2565"
"N5ERAA","2556"
"N716DA","2556"
"N411EA","2556"
"N807AW","2551"
"N914AW","2536"
"N124US","2521"
"N103UW","2521"
"N520US","2518"
"N409EA","2513"
"N5EUAA","2504"
"N621JB","2496"
"-N624D","2495"
"N674UA","2486"
"N5EWAA","2486"
"N69348","2484"
"N166AA","2475"
"N604UA","2475"
"N330AA","2475"
"N131AA","2475"
"N651TW","2475"
"N308A1","2475"
"N328AA","2475"
"N603UA","2475"
"N565JB","2465"
"N110UW","2465"
"N636JB","2465"
"N711","2456"
"-N649D","2454"
"N13110","2454"
"N35271","2454"
"N493","2446"
"N558JB","2446"
"N504JB","2446"
"N511UA","2446"
"N528UA","2434"
"N17233","2433"
"N17719","2433"
"N38727","2433"
"N533JB","2430"
"N565AA","2430"
"N350UA","2429"
"N471AA","2429"
"N435","2425"
"N3745B","2421"
"N596UA","2419"
"N647UA","2419"
"N211UA","2419"
"N418UA","2419"
"N794AS","2403"
"N534UA","2402"
"N609AU","2401"
"N478WN","2401"
"N126AA","2398"
"N676UA","2398"
"N1858U","2398"
"N830WA","2393"
"N232AA","2384"
"N901AW","2381"
"N396","2376"
"N542US","2376"
"N305UA","2371"
"N173UW","2369"
"N603AU","2369"
"N673UA","2367"
"N391DA","2346"
"N396AA","2342"
"N167AA","2342"
"N385A1","2342"
"N637A1","2342"
"N62631","2342"
"N156AW","2334"
"N529UA","2329"
"N286AA","2323"
"N293WA","2312"
"N413AA","2303"
"N214AA","2301"
"N679AW","2300"
"N723SW","2298"
"N186US","2296"
"N119US","2296"
"N163UW","2296"
"N480AA","2295"
"N434WN","2295"
"N5CSAA","2288"
"N677UA","2288"
"N5CJAA","2280"
"N424","2277"
"N615JB","2277"
"N338NW","2271"
"N472AA","2268"
"N957DL","2268"
"N979DL","2256"
"N509JB","2253"
"N5DLAA","2250"
"N658AW","2218"
"N5DGAA","2217"
"N655DL","2217"
"N508US","2199"
"N135DL","2182"
"N101DA","2182"
"N982AT","2181"
"N678DL","2172"
"N309UA","2171"
"N15712","2161"
"N388DA","2158"
"N641JB","2153"
"N115DA","2147"
"N535JB","2145"
"N104D1","2139"
"N3754A","2139"
"N699DL","2139"
"N740DA","2139"
"N110DL","2139"
"N312AT","2139"
"N101UW","2136"
"N937UA","2136"
"N652AW","2133"
"N635DL","2125"
"N730UW","2125"
"N233AA","2123"
"N6714Q","2122"
"N604AU","2120"
"N331NW","2118"
"N387UA","2114"
"N464AA","2110"
"N117UW","2101"
"N820AW","2100"
"N988DL","2099"
"N574AA","2087"
"N158US","2079"
"N553NW","2079"
"N585US","2077"
"N527US","2076"
"N609","2076"
"N709UW","2075"
"N455UA","2066"
"N677AA","2062"
"N17328","2056"
"N29129","2053"
"N504US","2047"
"N924DL","2044"
"N444AA","2038"
"N535US","2031"
"N626AW","2028"
"N925TW","2025"
"N520AA","2022"
"N589US","2019"
"N17627","2016"
"N16234","2007"
"N915AW","2001"
"N792","1999"
"N266AU","1998"
"N787NC","1994"
"N697","1988"
"N516AA","1983"
"N161US","1979"
"N700","1977"
"N383DN","1975"
"N816AW","1972"
"N514US","1965"
"N332NB","1957"
"N349NW","1953"
"N12172","1953"
"N762AS","1947"
"N1611B","1946"
"N318TZ","1944"
"N612AU","1942"
"N286AU","1934"
"N973DL","1932"
"-N916D","1932"
"N126DL","1929"
"N634DL","1929"
"N540US","1927"
"N451AA","1925"
"N922UW","1916"
"N628AU","1916"
"N739","1912"
"N527AU","1910"
"N831AW","1910"
"N625AU","1910"
"N9412W","1904"
"N661DN","1900"
"N344AT","1891"
"N499","1891"
"N819AE","1884"
"N36272","1874"
"N13949","1864"
"N11641","1862"
"N172DZ","1859"
"N727SW","1855"
"N520AT","1855"
"N306AS","1853"
"N477AA","1852"
"N390DA","1851"
"N654AW","1848"
"N705SW","1848"
"N433UA","1846"
"N4XVAA","1846"
"N550UA","1846"
"N3AEAA","1846"
"N471UA","1846"
"N4XJAA","1846"
"N660UA","1846"
"N117UA","1846"
"N573AA","1845"
"N735SA","1838"
"N943DL","1831"
"N828UA","1829"
"N464UA","1829"
"N26226","1825"
"N73406","1825"
"N73256","1825"
"N768AS","1822"
"N756SK","1815"
"N529AU","1814"
"N487AA","1813"
"N14639","1810"
"N459AA","1808"
"N348NB","1807"
"N385","1794"
"N755AS","1786"
"N635","1786"
"N315UA","1781"
"N178UW","1774"
"N769UW","1774"
"N788","1772"
"N466AA","1770"
"N972DL","1765"
"N921RW","1761"
"N675","1760"
"N591US","1760"
"N804US","1757"
"N984DL","1755"
"N215AA","1753"
"N337NW","1750"
"N412WN","1750"
"N639AW","1750"
"N712TW","1747"
"N654DL","1747"
"N18622","1746"
"N523UA","1745"
"N402UA","1745"
"N160AA","1745"
"N1815U","1745"
"N597A1","1745"
"N622DL","1745"
"N411UA","1745"
"N505UA","1745"
"N563UA","1739"
"N519AT","1733"
"N502AA","1731"
"N576US","1730"
"N899AA","1727"
"N5DBAA","1726"
"N533UA","1723"
"N4XKAA","1723"
"N317UA","1723"
"N202AA","1723"
"N7258U","1722"
"N4XNAA","1721"
"N4WRAA","1721"
"N714P","1710"
"N927TW","1710"
"N96301","1708"
"N14991","1706"
"N502","1701"
"N558AA","1696"
"N14320","1694"
"N309AW","1692"
"N737UW","1680"
"-N670D","1678"
"N817AW","1671"
"N400","1670"
"N934AT","1664"
"N762NC","1662"
"N621AA","1660"
"N287A1","1660"
"N589AA","1660"
"N567AA","1660"
"N523US","1659"
"N2BKAA","1648"
"N514UA","1646"
"N388SW","1640"
"N350NB","1639"
"N57837","1635"
"N16806","1635"
"N14831","1628"
"N712","1624"
"N259AA","1618"
"N648SW","1612"
"N202US","1611"
"N37267","1608"
"N894AA","1608"
"N35407","1608"
"N702AA","1608"
"N5CBAA","1608"
"N808UA","1605"
"N927UW","1605"
"N515UA","1605"
"N16607","1605"
"N7277U","1605"
"N449AA","1604"
"N9346","1598"
"N409UA","1597"
"N336AA","1597"
"N064AA","1597"
"N721TW","1593"
"N336NB","1591"
"N908EV","1591"
"N619DL","1589"
"N784DA","1589"
"N381DA","1589"
"N626DL","1589"
"N618DL","1589"
"N764","1588"
"N680DA","1587"
"N609DL","1587"
"N915DE","1587"
"N913DE","1582"
"N772AS","1580"
"N545AA","1579"
"N9413T","1574"
"N665WN","1574"
"N912TW","1570"
"N901DL","1569"
"N450AA","1568"
"N781AU","1565"
"N964N","1563"
"N108UW","1557"
"N592UA","1557"
"N12327","1557"
"N223AA","1556"
"N605SW","1551"
"N657DL","1547"
"N662DN","1547"
"N9302B","1547"
"N671DN","1547"
"N940FR","1545"
"N7295U","1545"
"N395","1538"
"N9332","1537"
"N584NW","1536"
"N532US","1536"
"N513US","1536"
"N342NW","1536"
"N506US","1536"
"N492AA","1535"
"N655AW","1532"
"N516US","1532"
"N309NB","1522"
"N375NC","1522"
"N352NW","1522"
"N927WN","1521"
"N254WN","1521"
"N303US","1518"
"N311RC","1518"
"N493UA","1515"
"N503UA","1515"
"N390UA","1514"
"N948DL","1509"
"N942UA","1509"
"N3CPAA","1501"
"N322US","1501"
"N113DA","1501"
"N932UA","1498"
"N783","1497"
"N326NB","1494"
"N532UA","1491"
"N952UA","1491"
"N910FR","1491"
"N7454U","1491"
"N39340","1489"
"N577US","1486"
"N680","1486"
"N371NB","1481"
"N849AE","1479"
"N418DA","1479"
"N840AS","1477"
"N808AE","1476"
"N13958","1475"
"N84355","1475"
"N20","1474"
"N971VJ","1471"
"N3DLAA","1471"
"N266A1","1471"
"N507","1465"
"N534AA","1464"
"N240AU","1464"
"N518AU","1460"
"N773AS","1459"
"N255AA","1456"
"N548AA","1456"
"N902DE","1455"
"N889AS","1454"
"N671UA","1452"
"N796AS","1449"
"N556AS","1449"
"N392DA","1449"
"N309AS","1449"
"N415WN","1444"
"N292AA","1443"
"N7280U","1440"
"N494UA","1440"
"N662AW","1440"
"N1817U","1440"
"N626AA","1440"
"N901EV","1439"
"N617AA","1438"
"N518AA","1437"
"N7444U","1437"
"N4XEAA","1431"
"N312US","1426"
"N486AA","1422"
"N546DA","1421"
"N316NB","1419"
"N334NW","1416"
"N73385","1416"
"N615","1405"
"N19130","1400"
"N70755","1400"
"N75854","1400"
"N72829","1400"
"N78004","1400"
"N512US","1399"
"N156US","1399"
"N775AS","1399"
"N956AT","1394"
"N688SW","1393"
"N14347","1391"
"N458AA","1391"
"N355US","1391"
"N482","1390"
"N469AA","1389"
"N419AA","1389"
"N541A1","1389"
"N517AA","1389"
"N643AA","1389"
"N412AA","1389"
"N924L","1384"
"N741SA","1382"
"N342","1382"
"N570JB","1381"
"N18119","1379"
"N35260","1379"
"N14704","1379"
"N655CA","1374"
"N3CTAA","1374"
"N246AA","1372"
"N16642","1372"
"N4XWAA","1372"
"N610AA","1372"
"N597AA","1372"
"N19638","1372"
"N16618","1372"
"N5TNAA","1372"
"N521AE","1371"
"N996DL","1367"
"N12924","1366"
"N753","1363"
"N699SW","1363"
"N382SW","1363"
"N730EV","1360"
"N820US","1355"
"N122DL","1349"
"N15710","1347"
"N33608","1347"
"N23721","1347"
"N8923E","1347"
"N331","1345"
"N81","1344"
"N934SW","1343"
"N823AE","1343"
"N818UA","1339"
"N958AT","1336"
"N18223","1334"
"N14629","1334"
"N17321","1334"
"N2CCAA","1331"
"N521JB","1329"
"N821UA","1322"
"N327UA","1316"
"N426SW","1315"
"N742AS","1312"
"N204US","1310"
"N991DL","1304"
"N729AA","1302"
"N298AA","1302"
"N802MD","1302"
"N314RC","1298"
"N908UA","1296"
"N541AA","1293"
"N302DL","1290"
"N921DL","1289"
"N912UA","1283"
"N14840","1282"
"N922DL","1282"
"N630AU","1281"
"N949UA","1277"
"N594NW","1276"
"N509DC","1276"
"N333UA","1274"
"N501MQ","1272"
"N4TFAA","1262"
"N806US","1262"
"N316AW","1262"
"N931DL","1262"
"N491AA","1258"
"N5EVAA","1258"
"N975DL","1255"
"N311","1250"
"-N915D","1249"
"N816SK","1249"
"N523SW","1249"
"N810SK","1249"
"N444WN","1246"
"N711PH","1246"
"N478AA","1242"
"N917DE","1242"
"N12122","1241"
"N537AA","1241"
"N306DL","1237"
"N536AA","1237"
"N546A1","1237"
"N603JB","1237"
"N519AA","1235"
"N4YMAA","1235"
"N387DA","1235"
"N551AA","1235"
"N407AA","1235"
"N14667","1235"
"N5EKAA","1235"
"N29124","1235"
"N369UA","1232"
"N387","1230"
"N75993","1226"
"N380DL","1224"
"N929UA","1223"
"N15781","1222"
"N16815","1222"
"N314","1221"
"N470AA","1220"
"N303AW","1219"
"N575AA","1217"
"N941SW","1217"
"N950AS","1216"
"N623AS","1215"
"N288A1","1213"
"N532AU","1213"
"N751SK","1210"
"N944DL","1210"
"N16807","1209"
"N413US","1209"
"N24736","1208"
"N427US","1206"
"N5CFAA","1205"
"N905DA","1205"
"N640AA","1205"
"N443US","1205"
"N275AA","1205"
"N5CXAA","1205"
"N285WN","1204"
"N264AU","1204"
"N964DL","1203"
"N809UA","1201"
"N668DN","1199"
"N759DA","1199"
"N776AU","1198"
"N17337","1198"
"N373AA","1197"
"N3ABAA","1197"
"N540AA","1197"
"N641UA","1197"
"N870AA","1197"
"N12569","1197"
"N5CHAA","1197"
"N242US","1197"
"N3CEA1","1197"
"N302WA","1195"
"N724EV","1195"
"N807CA","1194"
"N859AA","1192"
"N519DA","1191"
"N082AA","1189"
"N076AA","1189"
"N274AA","1189"
"N4TXAA","1189"
"N546JB","1185"
"N328DL","1185"
"N6700","1185"
"N952U","1182"
"N501A1","1182"
"N251AA","1182"
"N561AA","1182"
"N207AA","1181"
"N366NW","1181"
"N757LV","1175"
"N327NW","1175"
"N942FR","1174"
"-N804M","1173"
"N7251U","1172"
"N508AA","1172"
"N716A1","1172"
"N915UA","1172"
"N452AA","1172"
"N5EDAA","1171"
"N485A1","1171"
"N242WA","1167"
"N403WN","1166"
"N329DL","1165"
"N14516","1165"
"N124DE","1157"
"N616","1156"
"N917UA","1155"
"N819US","1155"
"N784AU","1154"
"N979SW","1152"
"N959DL","1146"
"N4XUAA","1144"
"N698","1142"
"N328NW","1142"
"N308US","1139"
"N886AA","1139"
"N210","1136"
"N678","1136"
"N985US","1135"
"N604","1132"
"N203US","1127"
"N380","1126"
"N290US","1123"
"N318US","1123"
"N915DL","1122"
"-N307D","1121"
"N651DL","1121"
"N718AA","1121"
"N1AUAA","1121"
"-N312D","1121"
"N304DL","1121"
"N923DL","1121"
"N237WA","1121"
"N104UW","1120"
"N957N","1120"
"N16918","1119"
"N404AA","1119"
"N327DL","1119"
"N967N","1118"
"N566A1","1118"
"N33637","1117"
"N302","1115"
"N675MC","1115"
"N958U","1113"
"N878AS","1111"
"N507AU","1109"
"N585AS","1107"
"N446AA","1107"
"N675AW","1107"
"N977AS","1107"
"N947AS","1107"
"N484WN","1101"
"N432","1099"
"N786NC","1098"
"N504UA","1097"
"N408UA","1097"
"N533AA","1095"
"N312DL","1093"
"N8978E","1093"
"N637AE","1092"
"N18350","1091"
"N523DA","1090"
"N9402W","1090"
"N059AA","1090"
"N525AU","1089"
"N962DL","1087"
"-N979D","1086"
"N83873","1086"
"N329NW","1085"
"N672AE","1085"
"N522US","1085"
"N965CA","1084"
"N14173","1081"
"N994Z","1081"
"N846AE","1080"
"N990DL","1080"
"N34110","1080"
"N481AA","1076"
"N5DUAA","1076"
"N611NA","1076"
"N5DXAA","1076"
"N5TJAA","1076"
"N402DA","1076"
"N534JB","1074"
"N252AU","1073"
"N497WN","1073"
"N522DA","1070"
"N919DE","1069"
"N544JB","1069"
"N966DL","1069"
"N941DL","1068"
"N24343","1068"
"N205AA","1068"
"N501BG","1068"
"N802US","1068"
"N538AA","1068"
"N32404","1065"
"N919AT","1065"
"N13881","1065"
"N14118","1065"
"N95","1065"
"N503JB","1065"
"N321DL","1065"
"N940UA","1064"
"N581AA","1062"
"N17326","1062"
"N570AA","1062"
"N278AA","1062"
"N469UA","1062"
"-N9627","1056"
"N950U","1056"
"N922AT","1055"
"N105","1054"
"N339US","1052"
"N777NC","1051"
"N447SW","1051"
"N647","1050"
"N483","1050"
"N8878Z","1050"
"N958AS","1050"
"N617AS","1050"
"N4YSAA","1046"
"N063A1","1045"
"N5BSAA","1045"
"N388","1044"
"N13123","1043"
"N610NW","1041"
"N37228","1041"
"N450A1","1041"
"N858US","1040"
"N628","1039"
"N925VJ","1038"
"N438","1037"
"N69351","1036"
"N123DN","1035"
"N899AT","1035"
"N936DL","1035"
"N636DL","1035"
"N989DL","1035"
"N77204","1034"
"N21154","1034"
"N797","1034"
"N947DL","1033"
"N689","1031"
"N579JB","1028"
"N67171","1028"
"N335NW","1028"
"-N912D","1027"
"N650MQ","1026"
"N58545","1025"
"N937MC","1024"
"N348UA","1024"
"N14231","1024"
"N780","1023"
"N504AE","1021"
"87949E","1021"
"N938CA","1021"
"N505","1020"
"N317US","1020"
"N669","1019"
"N526","1015"
"N885AA","1013"
"N732SK","1013"
"N6713Y","1011"
"N7279U","1010"
"N832AW","1009"
"N651AW","1009"
"N624AS","1009"
"N637AW","1009"
"N14816","1009"
"N73270","1009"
"N331AW","1009"
"N357NW","1008"
"N926RC","1008"
"N350NW","1008"
"N434UA","1007"
"N665UA","1005"
"N5CAAA","1005"
"N905DE","1005"
"N624AA","1005"
"N3771K","1005"
"80399E","1005"
"N464SW","1004"
"N310","1003"
"N2AFAA","1001"
"N324","1000"
"N2AJA1","999"
"N664MS","999"
"N857US","998"
"N527DA","996"
"N490UA","994"
"N627AU","992"
"N399UA","992"
"N442US","992"
"N319NB","991"
"N411WN","989"
"N139DL","988"
"N308WA","988"
"N901DA","988"
"N312","987"
"N514AA","987"
"N15820","987"
"N43537","986"
"N14337","986"
"N76354","986"
"N2822W","985"
"N525AA","984"
"-N123D","984"
"N5FCAA","984"
"N19623","984"
"N3CRAA","984"
"N767NC","983"
"N349NB","981"
"N54345","979"
"N435AA","978"
"N949DL","978"
"N609AS","978"
"N307DL","972"
"N412SW","972"
"N920DE","972"
"N528JB","972"
"N649PP","971"
"N623","967"
"N920FR","967"
"N196UA","967"
"N526UA","967"
"N551UA","967"
"N535UA","967"
"N187UW","966"
"N72405","965"
"N69803","965"
"N990AT","965"
"N3DCAA","964"
"N14890","964"
"N871AA","964"
"N512AA","964"
"N321US","963"
"N926DL","961"
"N430SW","960"
"N381DL","958"
"N984TW","957"
"N335UA","957"
"N995Z","957"
"N784AS","957"
"N529US","957"
"N967DL","956"
"N14889","956"
"N343UA","954"
"N785AS","954"
"N969AS","954"
"N924FJ","952"
"N171UW","951"
"N628DL","950"
"-N130D","950"
"-N629D","950"
"N938UA","948"
"N321NB","946"
"N686D1","946"
"N841MH","946"
"N559AU","946"
"N3BMAA","946"
"N967AT","946"
"N585JB","944"
"N645DL","944"
"N907DE","944"
"N988UA","942"
"N13133","940"
"N659AW","940"
"N665","940"
"N18220","938"
"N73751","938"
"N974AS","937"
"N569AS","937"
"N656SW","937"
"N17146","936"
"N595AA","936"
"N835AE","936"
"N637SW","935"
"N332","934"
"N9406W","934"
"N712DA","932"
"N952N","931"
"N315NB","931"
"N319US","931"
"N605NW","931"
"N8911E","930"
"N308AW","930"
"N620NW","930"
"N576AA","929"
"N902DL","929"
"N224AA","929"
"N14125","929"
"N675AA","928"
"N628MQ","927"
"N378","927"
"N431CA","926"
"N763NW","926"
"N244US","925"
"N14653","925"
"N662","925"
"N16650","925"
"N73276","925"
"N4WMAA","925"
"N398SW","925"
"N111DN","921"
"N490AA","920"
"N334","920"
"N590AA","920"
"N405US","920"
"N667DN","919"
"N2AHAA","919"
"N2BUAA","919"
"N812AW","919"
"N529DA","919"
"N937F","916"
"N902UA","915"
"N713AS","914"
"N7282U","911"
"N325NB","908"
"N37700","906"
"N351NW","906"
"N641CA","906"
"N721HS","904"
"N914DE","903"
"-N677D","903"
"N904DE","903"
"N679DA","903"
"N903UA","900"
"N808MQ","900"
"N102","899"
"N794","899"
"N9340","897"
"N6716C","896"
"N918FR","895"
"N472UA","895"
"N429WN","895"
"N33805","895"
"N375UA","894"
"N706TW","892"
"N733UW","892"
"N416EA","892"
"N398CA","892"
"N305SW","888"
"N295AA","888"
"N1849U","888"
"N779UA","888"
"N1834U","888"
"N530AA","888"
"N463AA","888"
"N9303K","887"
"N3322L","887"
"N4WBAA","887"
"N327","883"
"N461WN","880"
"N624","877"
"N821AW","877"
"N227SW","876"
"N336NW","874"
"87589E","874"
"N709EV","874"
"N351NB","872"
"N333NW","872"
"N292US","872"
"N11113","872"
"N682SW","872"
"N408EA","872"
"N809AW","872"
"N27610","872"
"N14977","871"
"N365UA","870"
"N186AW","870"
"N5TRAA","869"
"N4WUAA","868"
"N328AW","868"
"N3AFAA","867"
"N3CMA1","867"
"N466UA","867"
"N693","867"
"N442UA","867"
"N2ADAA","867"
"N11176","866"
"N157AW","866"
"N320AS","866"
"N755UW","865"
"N2AVAA","865"
"N968DL","865"
"N746SK","863"
"N1841U","862"
"N1838U","862"
"N438US","861"
"N205UW","861"
"N331AT","861"
"N336UA","861"
"N69826","861"
"N71411","861"
"N2DAAA","861"
"N364","860"
"N359","859"
"N782AS","859"
"N845UA","853"
"N933FR","853"
"N330UA","853"
"N14107","853"
"N17104","853"
"N19136","853"
"N827AE","853"
"N954SW","853"
"N366UA","853"
"N9335","852"
"N354CA","852"
"N520D1","852"
"N730","852"
"N376CA","852"
"N13538","851"
"N476AA","849"
"N554UA","849"
"N690SW","848"
"N512UA","846"
"N16310","845"
"N926LR","843"
"N7284U","843"
"N417","842"
"N750","842"
"N292WA","841"
"N231US","839"
"N16541","838"
"N168AW","838"
"N257WN","838"
"N838AS","835"
"N969CA","829"
"N978CA","829"
"N687SW","828"
"N9339","828"
"N553TZ","828"
"N695AE","821"
"N13118","821"
"N27724","821"
"N755EV","821"
"N391UA","819"
"N7261U","819"
"N735CA","818"
"N610SW","818"
"N223US","818"
"N14655","817"
"87719E","817"
"N962AS","817"
"N378UA","817"
"89149E","817"
"N11189","816"
"N512","816"
"N447US","816"
"N430CA","815"
"N611N1","814"
"N8960E","814"
"N513DA","813"
"N309US","813"
"N339","813"
"N914TW","813"
"N613AE","812"
"N820AS","812"
"N14342","811"
"N245US","810"
"N470UA","810"
"-N939D","810"
"N913UA","810"
"N236US","809"
"N17159","809"
"N429SW","808"
"N943AT","808"
"N80","806"
"N104","806"
"N403DA","804"
"N423","803"
"N856AS","803"
"N336","803"
"N568AA","802"
"N468AA","802"
"N238WA","802"
"N181AW","802"
"N986US","798"
"N992DL","793"
"N746AS","792"
"N917EV","790"
"N378NW","790"
"N485WN","787"
"N4TKTW","786"
"N245AA","786"
"N938AT","784"
"N919EV","784"
"N405AA","783"
"N241AA","783"
"N822AA","783"
"N936UA","783"
"N932EV","781"
"N59630","781"
"N16546","781"
"N850US","781"
"N15986","781"
"N904EV","780"
"N372","779"
"N8957E","777"
"N732","777"
"N326UA","776"
"N701","776"
"N338","774"
"N852US","773"
"N103DA","773"
"N2CFAA","772"
"N930AS","770"
"N473A1","764"
"N574US","764"
"N482UA","763"
"N905UA","763"
"N812UA","763"
"N722RW","762"
"N737","762"
"N350NA","762"
"N288US","762"
"N330DL","761"
"N920DL","761"
"N610DL","761"
"N929DL","761"
"N576UA","758"
"N803BR","758"
"N339UA","757"
"N377DL","756"
"N382DL","756"
"N694SW","756"
"N8929E","756"
"N916RW","755"
"N11536","754"
"N903SW","754"
"N969VJ","754"
"N894AT","752"
"N952SW","751"
"N939SW","751"
"N659DL","750"
"N518DA","749"
"N604AT","749"
"N618NW","748"
"N12957","748"
"N15555","748"
"N14179","748"
"N10242","748"
"N611DL","745"
"N613DL","745"
"N375D1","745"
"N172AW","742"
"N365","742"
"N645AW","739"
"N857MJ","739"
"N71","735"
"N484UA","733"
"N424UA","733"
"N4XYAA","733"
"N427AA","733"
"N318UA","733"
"N591AA","733"
"N527UA","733"
"N544AA","733"
"N502UA","733"
"N216AA","733"
"N276AT","732"
"N2AWAA","732"
"N684DA","732"
"N4TETW","732"
"N965DL","732"
"N620DL","732"
"-N379D","732"
"N997DL","732"
"N797CA","729"
"N815MQ","728"
"N175UW","728"
"N329SW","728"
"N350US","728"
"N830US","728"
"N180US","728"
"N743UW","726"
"N720UW","726"
"N866US","726"
"N974EV","723"
"N362UA","723"
"N983Z","722"
"N916SW","721"
"N637AA","720"
"N4YUAA","719"
"N809AE","719"
"N549AA","719"
"N923TW","719"
"N2AYAA","719"
"N2AUAA","719"
"N976Z","719"
"N7291U","719"
"N628AW","718"
"N756","717"
"N353","716"
"N4TDAA","715"
"N664WN","714"
"N240AT","712"
"N956DL","712"
"N14335","711"
"N69602","711"
"N305AW","708"
"N924AT","708"
"N580AA","707"
"N719","706"
"N779CA","701"
"N586NW","700"
"N364UA","700"
"N538US","700"
"N674","697"
"N960AT","696"
"N979Z","696"
"N817SK","696"
"N2BSAA","696"
"N309DL","696"
"N849AS","693"
"N848AS","692"
"N729CA","692"
"N973EV","692"
"-N949D","692"
"N871AS","692"
"N979AT","692"
"N7450U","692"
"N911DA","689"
"N510DA","689"
"N619SW","687"
"N90S","687"
"N440AA","684"
"N344NW","683"
"N548US","683"
"N411US","683"
"N362","682"
"N751SW","682"
"N301SW","682"
"N686SW","681"
"N937FR","680"
"N371NW","680"
"N178JB","680"
"N786AS","679"
"N923UA","679"
"N976SW","679"
"N9054U","678"
"N2BNAA","678"
"N2BEA1","678"
"N7293U","678"
"N989UA","678"
"N398UA","678"
"N709SW","677"
"N523","677"
"N236","677"
"N337","677"
"N625AE","676"
"N419DA","674"
"N519D1","674"
"N3ALAA","674"
"N876AA","674"
"N485DA","674"
"N806AE","673"
"N686","671"
"N305AS","671"
"N942AS","671"
"N621SW","670"
"N368","670"
"N960DL","670"
"N708","670"
"N911DL","669"
"84779E","668"
"N21144","668"
"N915RW","668"
"N16954","668"
"N14660","667"
"N519SW","666"
"N330","666"
"N315AT","665"
"N932VJ","665"
"N977AT","665"
"N233US","665"
"N439US","665"
"N354","664"
"N326","661"
"80309E","659"
"N816US","659"
"N18557","657"
"N13992","657"
"N15985","657"
"N29917","657"
"N880US","656"
"N771NC","656"
"N536AS","652"
"N754","651"
"N524AU","651"
"N753NW","651"
"N953UW","651"
"N304AW","651"
"N226US","651"
"89289E","651"
"N304","651"
"N381UA","651"
"N288AU","650"
"N436US","650"
"N778AU","650"
"N14558","649"
"N429","647"
"N175AW","647"
"N355","647"
"N521LR","647"
"N228A1","647"
"N673","646"
"N16976","644"
"N525","643"
"N34CA","641"
"N923FR","641"
"N444UA","641"
"N906FR","641"
"N918DE","641"
"N829AS","641"
"N509AA","641"
"N3BXAA","641"
"N3APAA","641"
"N527AA","641"
"N740","641"
"N341","640"
"N727MQ","640"
"N802AW","640"
"N846MQ","640"
"N930SW","639"
"N913DL","637"
"N441US","634"
"N931UA","633"
"N286US","632"
"N469","632"
"N425AA","631"
"N2CRAA","631"
"N409AA","631"
"N512A1","631"
"N942UW","631"
"N720AA","631"
"N520AU","629"
"N383UA","629"
"N497UA","629"
"N903FR","629"
"N275US","629"
"N351","629"
"N306US","629"
"N508","629"
"N316N2","629"
"N445UA","629"
"N7456U","629"
"N59207","628"
"N600","628"
"N15255","628"
"N430","628"
"N915DN","626"
"N645AE","626"
"N762NW","625"
"N520","625"
"N331NB","625"
"N626","624"
"N553AA","624"
"N1856U","622"
"N17928","622"
"N529AA","622"
"N839AW","621"
"N655","621"
"N621","621"
"N867AS","619"
"N465SW","619"
"N720AE","618"
"N351SW","616"
"N323","616"
"N74","616"
"N789","616"
"N671MC","614"
"N810CA","614"
"N796CA","614"
"N851UA","612"
"N2CDAA","612"
"N439AA","612"
"N901UA","612"
"N371SW","612"
"N703MR","612"
"N731MQ","612"
"N803UA","612"
"N410","612"
"N314UA","612"
"N632","611"
"N670","611"
"N707","611"
"N457","611"
"N783NC","610"
"N779AU","610"
"N851AS","609"
"N779NC","609"
"N465A1","607"
"N641DL","607"
"N51","607"
"N504AA","606"
"N2DGAA","606"
"N852UA","606"
"N7299U","606"
"N9038U","606"
"N351UA","606"
"N994DL","606"
"N711HK","605"
"N19554","605"
"N639","605"
"N397","605"
"N14993","605"
"N957AS","605"
"N607AS","605"
"N625AS","605"
"N670MQ","604"
"N841AE","604"
"N932DL","604"
"N341US","603"
"N2DCAA","603"
"N174AW","602"
"N169AW","601"
"N672AW","601"
"N158AW","601"
"N282WA","601"
"N900AE","599"
"N352UA","599"
"N483DA","599"
"N644AE","599"
"N614AE","599"
"N83","599"
"N426UA","599"
"N722","599"
"N355UA","599"
"N411AA","597"
"N7453U","595"
"N3CYAA","595"
"N3CLAA","595"
"N177DZ","595"
"N3CNAA","595"
"N863AA","595"
"N293US","594"
"N408SW","592"
"N309AT","590"
"N2809W","590"
"N521AU","590"
"N849UA","590"
"N3739","590"
"N434US","590"
"N646AE","589"
"N523CA","589"
"N643MQ","589"
"N963CA","589"
"N658UA","589"
"N3765","588"
"N447","588"
"N319","588"
"N635BR","588"
"86729E","587"
"N233SW","587"
"N607SW","585"
"N417AA","585"
"N916DL","585"
"N927SW","585"
"N978UA","584"
"N837MH","581"
"N782NC","581"
"N971AT","581"
"N831MH","581"
"N827MH","581"
"N608NW","578"
"N610AE","577"
"-N611D","576"
"N652DL","576"
"N697DL","576"
"N32626","576"
"N24041","575"
"N4WFAA","575"
"N457SW","574"
"N921UA","573"
"N256AU","573"
"N295UX","571"
"N694","571"
"N888AU","571"
"N545DA","569"
"N640","569"
"N927D1","569"
"N641SW","569"
"N12322","569"
"N356","569"
"N291AA","569"
"N649AS","569"
"N445AA","569"
"N14233","568"
"N386SW","564"
"N919SW","563"
"N14358","563"
"N498AA","562"
"N316","562"
"N36915","562"
"N608SW","561"
"N702","560"
"N640DL","558"
"N2310","558"
"N326DL","555"
"N910DE","555"
"N925EV","555"
"N933CA","555"
"80319E","554"
"N14568","554"
"N965VJ","553"
"N992Z","553"
"N404A1","551"
"N991Z","551"
"N2DHAA","551"
"N409TW","551"
"N2CBAA","551"
"N929L","551"
"N418AA","551"
"N649SW","550"
"N797AS","550"
"N778","550"
"N966AS","550"
"N306N2","548"
"N768N3","548"
"N980DL","547"
"N937DL","547"
"N903DL","547"
"N900DE","547"
"N533DA","546"
"N521SW","546"
"N143D1","545"
"N119DL","545"
"N184AT","545"
"N114UW","544"
"N352US","544"
"N987VJ","544"
"N404","543"
"N916UA","541"
"N971SW","541"
"N340CA","539"
"N747AS","539"
"N788AS","539"
"N95S","534"
"N457WN","534"
"N936FR","533"
"N395UA","533"
"N921FR","533"
"N537DA","533"
"N3750D","533"
"N657BR","533"
"N899US","532"
"N910EV","532"
"N283WA","532"
"N595SW","532"
"N229US","529"
"N893US","529"
"N375US","529"
"N14543","529"
"N626AU","529"
"N16999","529"
"N9336","528"
"N505US","528"
"N347NW","528"
"N607NW","528"
"N996UA","528"
"N774NC","528"
"N509US","528"
"N245WA","526"
"N373US","526"
"N476US","526"
"N900D5","526"
"N647DL","524"
"N2CNAA","522"
"N309WA","521"
"N407SW","521"
"N682","520"
"N808US","516"
"N2816W","516"
"N416","515"
"N77278","515"
"N946DL","515"
"N952CA","515"
"N893AT","515"
"N612DL","515"
"N909DE","515"
"N629DL","515"
"N515MJ","513"
"N697SW","509"
"N812US","508"
"N623AU","508"
"88699E","508"
"N612","507"
"N906DA","507"
"N983US","505"
"N914CA","505"
"N359NW","503"
"N740AS","503"
"N951SW","501"
"N363NB","501"
"N406DA","501"
"N537US","501"
"N719MQ","501"
"N3324L","500"
"N656US","496"
"N606AU","496"
"N510AU","496"
"N72830","495"
"N370SW","495"
"N52616","495"
"N661SW","495"
"N466SW","493"
"N303WA","493"
"N33182","493"
"N303","491"
"N89345","491"
"N685AE","491"
"NR82AA","488"
"N752NW","488"
"N70542","487"
"N54352","487"
"N755NW","487"
"N653","487"
"N33785","487"
"N617","487"
"N8891Z","487"
"N501","484"
"N980UA","483"
"N909SW","483"
"N528CA","483"
"N962TW","483"
"N957CA","483"
"N958DL","481"
"N935AT","481"
"N2820W","481"
"-N964D","481"
"N511SW","480"
"N628SW","480"
"N399","479"
"N8912E","479"
"N349SW","479"
"N323AW","478"
"N669SW","478"
"-N736M","478"
"N358","476"
"N9022U","475"
"N934EV","475"
"N636AE","475"
"N864US","474"
"N258JB","474"
"N592AA","473"
"N550AA","473"
"N688AE","473"
"N596AA","473"
"N500AE","473"
"N513MJ","473"
"N807FR","472"
"N950UA","472"
"N640AS","471"
"N14952","469"
"N8986E","469"
"N11526","469"
"N535AA","468"
"N778NC","467"
"N709BR","466"
"N629AW","462"
"N9006U","462"
"N4WXAA","462"
"N9027U","462"
"N77302","462"
"-N715M","461"
"N410SW","461"
"N627AE","461"
"N489AA","460"
"88289E","460"
"N457AA","460"
"N731AA","460"
"N420WN","460"
"N2BGAA","460"
"N963DL","457"
"N958N","457"
"N8908E","457"
"N89S","456"
"N8932E","456"
"N965SW","455"
"N8909E","455"
"N986VJ","454"
"N804MQ","454"
"N379DL","453"
"N299US","453"
"N942DL","453"
"N411DA","453"
"N672","452"
"N928SW","451"
"N959SW","451"
"N13914","450"
"N417EA","449"
"N621NW","449"
"N9334","449"
"N514CA","449"
"N2829W","448"
"N717UW","448"
"N246AY","448"
"N620AU","448"
"N248AA","448"
"N645","448"
"N302UA","447"
"N367UA","447"
"N619","447"
"N310UA","447"
"N13988","446"
"N736SA","446"
"N46625","446"
"N678AA","446"
"-N647D","446"
"N705EV","445"
"N672DL","445"
"N215","443"
"89449E","442"
"N604SW","441"
"N4UEAA","440"
"N813AE","438"
"N13964","438"
"N94","437"
"N882US","433"
"N992AT","432"
"N656AE","432"
"N516DA","432"
"N2DDA1","432"
"N993DL","432"
"N712EV","432"
"N2ATAA","432"
"N729AE","431"
"N713MQ","431"
"-N385D","430"
"N12508","429"
"N18658","429"
"N27962","429"
"N981AT","429"
"N16521","429"
"N14905","429"
"N17640","429"
"N931VJ","428"
"N16520","427"
"N976CA","426"
"N735MQ","426"
"N206JB","426"
"N934FJ","425"
"-N658D","425"
"N908DL","425"
"N917SW","423"
"N330UE","419"
"N14839","418"
"N460","417"
"N494","417"
"N7459U","416"
"N24213","416"
"N715AE","416"
"N511AE","416"
"N531UA","416"
"N998CA","416"
"N708SK","416"
"N16617","416"
"N127AW","414"
"N370UA","414"
"N613NW","414"
"N332AW","414"
"N115UW","413"
"N510MJ","413"
"N664BR","413"
"N979UA","412"
"N630MQ","412"
"N9063U","412"
"n408ca","411"
"N659BR","411"
"N939DL","411"
"N3767","411"
"N863AS","410"
"N592SW","410"
"N4WEAA","409"
"N836MQ","409"
"N367NB","408"
"N382MQ","408"
"N773NC","408"
"-N533M","408"
"N346US","407"
"N424WN","407"
"N600WN","407"
"N947AT","406"
"N455YV","406"
"N976EV","406"
"N373","405"
"N983VJ","405"
"N504","405"
"N642","405"
"N399WN","405"
"N980Z","405"
"N333","405"
"N355NW","405"
"N622","405"
"N473","404"
"N19382","404"
"N735","404"
"N741AL","404"
"N326AW","404"
"N524DA","403"
"N268AT","403"
"N7253U","403"
"N845MH","403"
"N725DA","403"
"N861DA","403"
"N1734D","403"
"N435CA","403"
"N768DL","403"
"N3AVAA","403"
"N7466U","403"
"N7285U","403"
"87759E","403"
"N14907","402"
"N571ML","401"
"N922VJ","399"
"N702UW","399"
"N37363","399"
"N340","399"
"N915CA","399"
"N417DA","399"
"N744AS","399"
"N334US","399"
"N679","397"
"N382","397"
"N374CA","396"
"N468WN","395"
"N19504","395"
"N67","395"
"N14542","395"
"N33506","395"
"N913SW","394"
"N16927","393"
"N14916","393"
"N401EA","393"
"N1332U","392"
"N990Z","392"
"N325UA","391"
"N117DL","391"
"N902TW","391"
"N520DA","391"
"N379UA","391"
"N408WN","391"
"N606SW","390"
"N393SW","390"
"N646SW","389"
"N476DA","387"
"N448SW","387"
"N804AW","386"
"N527A1","386"
"N924RW","386"
"N866AS","383"
"N9343","383"
"N956N","381"
"N785N3","381"
"N776","377"
"N606","377"
"N844AS","377"
"N971EV","377"
"N901AE","376"
"N284YV","376"
"N619NW","374"
"N650","373"
"N747","373"
"N943SW","373"
"N686DA","373"
"N929SW","373"
"N462UA","372"
"NR21AA","372"
"N618AS","371"
"N746","371"
"N983AT","370"
"N300","370"
"N926CA","370"
"N910AW","370"
"N762SW","370"
"N147AW","370"
"N682AE","370"
"N632AW","370"
"N903FJ","370"
"N674AW","370"
"N803AW","370"
"N653AW","370"
"N289CT","369"
"N668","369"
"N357SW","369"
"-N383M","368"
"N383","368"
"N669BR","368"
"N785AU","367"
"N909DL","366"
"N336US","366"
"N112UW","366"
"N429US","365"
"N558AU","365"
"N704SW","365"
"N620MQ","364"
"N17329","363"
"N886AS","363"
"N740SK","363"
"N14116","362"
"N613AU","361"
"N687","361"
"N720MQ","361"
"N931LR","361"
"N772SW","359"
"N658","358"
"N410WN","358"
"N386","358"
"N991VJ","357"
"N745UW","357"
"N934DL","356"
"N752AT","356"
"N983DL","356"
"N910AT","356"
"N927CA","356"
"N511MQ","354"
"N851AE","354"
"N868AS","354"
"N622MQ","354"
"N415EA","351"
"N12530","351"
"N15948","351"
"N914FJ","351"
"N836AS","350"
"N984UA","349"
"N524UA","349"
"N307TZ","349"
"N357NB","349"
"N989AT","349"
"N340UA","349"
"N359UA","349"
"N141AW","347"
"N313AW","347"
"N671SW","345"
"N625AW","345"
"N463","342"
"N784","342"
"N238WN","342"
"N522","342"
"N484CA","342"
"N528","342"
"N872AS","342"
"N209","341"
"N629","341"
"N327AW","338"
"N303UA","337"
"N385UA","337"
"N909UA","337"
"N503","337"
"N745","337"
"N927UA","337"
"N840UA","337"
"N376UA","337"
"N960SW","337"
"N358UA","337"
"N427WN","337"
"N392UA","337"
"N933VJ","336"
"N625SW","336"
"N891US","336"
"N501UW","335"
"N955VJ","335"
"N739CA","335"
"N9019U","334"
"N2BFAA","334"
"N2AGAA","334"
"N763NC","334"
"N781NC","333"
"N922RW","332"
"N877AS","332"
"91879E","332"
"N513D1","332"
"N835AS","332"
"N780NC","332"
"N906DE","332"
"N506AU","331"
"N107US","329"
"N2DDAA","328"
"N603","328"
"N246US","328"
"N27509","328"
"N884US","328"
"-N344M","328"
"N771","325"
"N63","325"
"N624BR","325"
"N705","325"
"N787","325"
"N325","325"
"N228WN","325"
"N742","325"
"N335","325"
"N360","325"
"N774","325"
"N331UE","325"
"N363","323"
"N672BR","323"
"N262AU","322"
"N466","321"
"N103","321"
"N880AS","321"
"N91S","319"
"N93SW","319"
"N57","318"
"N911DE","318"
"N391CA","318"
"-N980D","318"
"N401TW","317"
"N833AS","317"
"N14514","317"
"N14937","316"
"N349UA","316"
"N17507","316"
"N838UA","316"
"N17513","316"
"N933UA","316"
"N425UA","316"
"N571UA","316"
"N804UA","316"
"N653MQ","316"
"N703SK","316"
"N247US","314"
"N72821","314"
"N14564","314"
"N2DEAA","313"
"N691","313"
"N604NW","312"
"N16170","310"
"N938SW","308"
"N799","308"
"N636WN","308"
"N527","308"
"N18563","307"
"N618WN","307"
"N988Z","307"
"N971Z","307"
"N416CA","307"
"N3310L","306"
"N232DZ","306"
"N831AT","306"
"N14628","305"
"N909AW","304"
"N608","304"
"N709","304"
"N373MQ","304"
"N651","303"
"N536JB","301"
"N553JB","301"
"N632AS","300"
"N237US","298"
"N541US","297"
"N64346","296"
"N328SW","296"
"N395SW","296"
"N28","296"
"N651BR","296"
"N61","296"
"N9331","296"
"N282AU","296"
"N717SA","296"
"N1798U","296"
"N276AU","296"
"N684","295"
"N16559","295"
"N563SW","292"
"N514AU","292"
"N409SW","291"
"N512DA","291"
"N462WN","290"
"N867US","290"
"N396US","290"
"N853US","289"
"N11155","288"
"N18556","288"
"N27185","288"
"N690BR","288"
"N16951","288"
"N728SW","288"
"N371","287"
"N315SW","287"
"N3312L","284"
"N14239","284"
"N668BR","284"
"N16201","284"
"N62","284"
"N697BR","284"
"N772NC","282"
"N13989","282"
"N809NY","282"
"N73380","282"
"N21130","282"
"N25134","282"
"N507AE","281"
"N401AA","281"
"N522AE","281"
"N679AE","281"
"-N278M","280"
"N715UW","280"
"N974VJ","280"
"N371US","280"
"N384US","279"
"N492CA","278"
"N16149","278"
"N510SW","276"
"N54","276"
"N814AE","273"
"N912DL","272"
"N908DE","272"
"N991cA","270"
"N138DL","270"
"N212SW","269"
"N999DN","268"
"N675AE","268"
"N740UW","267"
"N645JB","267"
"N386AE","267"
"N14930","266"
"N590JB","264"
"N9013U","264"
"N752SK","264"
"N744SK","264"
"N658CA","264"
"-N804A","263"
"N13908","261"
"N653DL","261"
"N613AS","261"
"N956AS","261"
"N922L","260"
"N927L","260"
"N660DL","259"
"N579PE","259"
"N895US","259"
"N680AW","258"
"N995UA","258"
"N54337","258"
"N4XDAA","258"
"N519","258"
"N660AW","256"
"N904AW","256"
"N189AW","256"
"N908AW","256"
"N906AW","256"
"N801AW","256"
"N901DE","256"
"85439E","256"
"N307AW","256"
"N770UW","256"
"N636AW","256"
"N683","255"
"-N283M","254"
"N259AU","254"
"N918RW","252"
"N9333","252"
"N920CA","249"
"N50","248"
"N616MQ","247"
"N420AA","247"
"N555AA","247"
"N570A1","247"
"N557AA","247"
"N688MQ","247"
"N805E1","247"
"N262AA","247"
"N13553","246"
"N671MQ","240"
"N96","239"
"N96SW","239"
"N93","239"
"N764SW","239"
"N91","239"
"N83SW","239"
"N92","239"
"N966VJ","239"
"N515AU","238"
"N629AU","238"
"N573US","238"
"N201US","238"
"N563AA","237"
"N632SW","237"
"N684JW","237"
"N641","236"
"N282WN","236"
"N634AW","236"
"N150AW","236"
"N695DA","236"
"N357","236"
"N788SA","236"
"N318","236"
"N696SW","236"
"N185AW","236"
"N402WN","236"
"N681D1","236"
"N574UA","235"
"N343NW","235"
"N297AA","235"
"N448AA","235"
"N7464U","235"
"N436AA","235"
"N793AS","234"
"N353SW","233"
"N515","233"
"N955N","232"
"N784NC","231"
"N505JB","231"
"N942N","231"
"N356NW","231"
"N342NB","231"
"N209SW","230"
"N52310","229"
"N375","229"
"N989CA","229"
"N27","229"
"N350MQ","228"
"N923L","228"
"-N180M","228"
"N369NW","228"
"N623AE","228"
"N562AU","228"
"N345MQ","228"
"N952DL","227"
"N702AE","227"
"N336AW","226"
"N325AW","226"
"N413FJ","225"
"N15659","224"
"N17620","224"
"N17309","224"
"N299SW","224"
"N16649","224"
"N13512","224"
"N578SW","224"
"N13624","224"
"N631SW","224"
"N758EV","223"
"N221WN","223"
"N399DA","223"
"N440","223"
"N802EA","223"
"N777QC","223"
"N294SW","222"
"N997UA","222"
"N9030U","222"
"N251YV","222"
"89709E","221"
"N954DL","221"
"N710CA","221"
"N278AU","221"
"N92SW","217"
"N13903","217"
"N12528","217"
"N479HA","216"
"N477HA","216"
"N17557","216"
"N985AT","215"
"N920AT","215"
"N928DL","215"
"N906DL","215"
"N919DL","215"
"N710MQ","214"
"N413DA","214"
"N937EV","214"
"N730US","214"
"N224DA","214"
"N662EH","214"
"N15926","214"
"N916DE","214"
"N242DL","214"
"N738MQ","213"
"N852AE","213"
"N426FJ","213"
"N961SW","212"
"N522AU","212"
"N447YV","212"
"N918VJ","211"
"N13936","209"
"N390AE","209"
"N912CA","205"
"N3AAA1","204"
"N324DL","203"
"N410FJ","203"
"N739AE","201"
"N923VJ","201"
"N970VJ","201"
"N417FJ","201"
"N15910","201"
"-N733M","200"
"N298SW","200"
"N16883","200"
"N586SW","200"
"N10801","200"
"N250YV","199"
"N59338","199"
"N237SW","199"
"N301YV","199"
"N355SW","197"
"N692","197"
"N494WN","197"
"N9341","197"
"N685","197"
"N832UA","197"
"N657AE","196"
"N800MQ","196"
"N75987","196"
"N982PS","195"
"N710TB","195"
"N5DWAA","193"
"N077AA","193"
"N388UA","192"
"N92874","191"
"N23657","191"
"N14307","191"
"N224D1","191"
"N560SW","191"
"N228AA","190"
"N4WGAA","190"
"N298AE","190"
"-N211M","190"
"N411SW","190"
"N671","189"
"N82","189"
"N511","189"
"N2BJAA","189"
"N95SW","189"
"N632AE","189"
"N427SW","188"
"N187SW","188"
"N993Z","187"
"N421FJ","187"
"N693CA","187"
"N948UA","187"
"N724MQ","187"
"N385US","185"
"N763US","185"
"N412DA","185"
"N757UW","185"
"N491DA","185"
"N833MQ","185"
"N481DA","185"
"N730AS","183"
"N405FJ","181"
"N390MQ","181"
"N812AE","181"
"N313DL","178"
"N601","178"
"N681BR","177"
"N525UA","177"
"N652MQ","177"
"N626BR","177"
"-N641M","177"
"N186SW","175"
"N484AA","175"
"N526AA","175"
"N652RS","175"
"N648AE","174"
"N569SW","173"
"N14920","169"
"N14940","169"
"N12552","169"
"N587US","168"
"N504AU","168"
"N14148","166"
"N929VJ","164"
"N373AE","164"
"N823AL","163"
"-N810A","163"
"N478HA","163"
"N14162","160"
"N17245","160"
"N292UX","158"
"N859MJ","157"
"N518LR","157"
"N652BR","157"
"N27173","157"
"N531AU","156"
"N432US","156"
"N391AE","155"
"N275AU","155"
"N89325","155"
"N296SW","155"
"89079E","155"
"N339MQ","155"
"N593SW","153"
"N536DA","151"
"N642AS","147"
"N643AS","147"
"N846AS","146"
"N841AS","143"
"-N234M","143"
"N862AS","143"
"N315DL","142"
"N713SK","142"
"N18835","140"
"N77261","140"
"N16894","140"
"N14325","140"
"N73278","140"
"N17344","140"
"N653AE","139"
"N983UA","137"
"N503MJ","137"
"N226SW","135"
"N853AE","134"
"91669E","134"
"N617DL","134"
"N303UE","133"
"N633MQ","130"
"N661JA","130"
"N854US","130"
"N330MQ","130"
"N980SW","130"
"N193DN","129"
"N963AS","129"
"N948L","128"
"-N440M","126"
"N235US","121"
"N361NW","120"
"N761NC","120"
"N420US","119"
"N989HA","119"
"N107UW","119"
"N284MQ","113"
"N324AE","113"
"-N324M","110"
"N292SW","110"
"N302AW","110"
"N223SW","110"
"N144AW","110"
"N655AE","109"
"N449US","109"
"N388AE","109"
"-N709M","109"
"N313AE","109"
"-N250M","109"
"N394AE","109"
"N519AU","109"
"N911UA","109"
"N253AE","109"
"-N608M","109"
"N77AMQ","105"
"N818US","105"
"N485HA","102"
"N809AL","102"
"N693BR","100"
"N481HA","100"
"N824AL","100"
"N476HA","100"
"N486HA","100"
"N162AA","100"
"-N965D","98"
"N457CA","95"
"N615AS","95"
"N979CA","95"
"N494CA","95"
"N8938E","95"
"N561SW","94"
"N320UE","94"
"N297SW","89"
"N565SW","89"
"-N374M","89"
"N392AE","89"
"-N320M","89"
"N422US","88"
"N887US","83"
"N637AS","83"
"N2811W","83"
"N239US","83"
"N860AS","79"
"N543DA","79"
"N926VJ","75"
"N827US","75"
"N386UA","72"
"N7442U","72"
"N986UA","72"
"N798CA","70"
"N809US","70"
"N945SW","67"
"N692AE","67"
"N804AL","64"
"N583SW","58"
"N959N","56"
"N229SW","49"
"N958SW","47"
"N582SW","36"
